"customerid","avg_order_value"
16446,"84236.25"
12346,"77183.60"
15749,"14844.77"
15098,"13305.50"
12357,"6207.67"
12415,"5948.31"
12590,"4932.13"
12688,"4873.81"
12752,"4366.78"
18102,"4327.62"
18251,"4314.72"
17450,"4225.89"
12536,"4200.61"
16000,"4131.23"
12378,"4008.62"
12435,"3914.95"
14088,"3883.99"
15195,"3861.00"
14646,"3838.44"
14096,"3833.22"
12409,"3690.89"
12753,"3571.56"
12454,"3528.34"
13135,"3096.00"
12744,"3039.90"
17511,"2937.50"
12931,"2803.73"
14439,"2661.24"
13422,"2626.30"
13081,"2576.13"
12557,"2398.19"
16684,"2380.48"
17313,"2328.84"
12798,"2325.68"
16532,"2249.60"
16984,"2229.76"
12477,"2203.29"
12501,"2169.39"
15769,"2163.57"
14156,"2131.09"
17404,"2127.12"
16281,"2062.06"
17597,"2044.37"
17846,"2033.10"
18087,"2027.86"
15341,"2020.52"
15372,"2007.40"
16754,"2002.40"
12433,"1910.84"
12755,"1905.97"
14887,"1862.00"
16240,"1859.40"
16253,"1841.93"
14459,"1837.92"
16152,"1829.04"
12451,"1807.10"
17107,"1799.58"
14680,"1797.13"
16303,"1786.88"
14935,"1784.71"
15838,"1770.69"
16751,"1764.72"
12349,"1757.55"
16380,"1743.15"
13763,"1714.96"
12405,"1710.39"
15947,"1708.24"
12406,"1707.65"
16902,"1706.88"
12764,"1693.88"
16182,"1654.41"
15032,"1653.03"
15786,"1639.67"
12398,"1635.66"
13952,"1625.54"
13868,"1596.27"
13850,"1595.48"
17672,"1589.09"
12607,"1579.51"
12359,"1577.51"
12731,"1574.66"
16126,"1571.94"
14286,"1542.92"
12818,"1542.08"
13340,"1533.78"
13802,"1533.14"
17553,"1487.60"
12678,"1469.04"
12438,"1453.43"
12939,"1447.73"
13316,"1433.23"
14566,"1432.00"
14258,"1407.78"
18139,"1406.39"
12578,"1397.26"
14277,"1396.00"
12758,"1395.80"
14049,"1394.68"
17354,"1393.06"
12539,"1392.09"
13572,"1384.25"
17084,"1374.00"
12770,"1351.45"
12625,"1341.91"
13501,"1340.32"
13328,"1308.48"
17919,"1304.04"
14769,"1302.12"
13694,"1300.79"
17949,"1300.23"
16101,"1290.70"
15171,"1289.50"
16029,"1283.35"
16180,"1281.77"
13878,"1271.57"
17037,"1267.32"
14105,"1266.23"
13151,"1257.87"
13124,"1252.11"
12700,"1235.00"
15004,"1220.77"
16333,"1210.31"
12397,"1204.95"
14866,"1199.16"
12611,"1193.32"
16873,"1187.27"
16210,"1171.46"
14298,"1171.08"
15113,"1169.81"
17857,"1168.65"
13334,"1167.44"
16800,"1162.65"
14607,"1157.82"
13027,"1152.00"
15676,"1145.25"
12769,"1143.60"
16270,"1141.24"
15061,"1136.13"
12830,"1135.77"
17340,"1123.03"
13365,"1112.69"
15665,"1111.11"
15069,"1109.53"
12876,"1109.01"
12653,"1104.93"
13373,"1104.08"
15123,"1099.65"
15978,"1098.78"
13505,"1098.41"
13853,"1090.14"
12534,"1089.18"
14016,"1085.30"
12354,"1079.40"
13224,"1077.97"
16563,"1077.74"
14175,"1074.10"
13635,"1071.03"
14212,"1070.48"
14488,"1064.28"
14411,"1063.00"
12456,"1060.35"
17727,"1060.25"
16041,"1055.47"
14306,"1046.66"
15464,"1044.65"
12497,"1043.10"
16258,"1040.70"
16260,"1035.45"
13639,"1033.34"
13098,"1031.52"
13235,"1031.07"
15333,"1028.56"
13555,"1024.72"
13941,"1022.59"
12585,"1020.05"
12514,"1017.68"
14936,"1017.13"
12449,"1016.82"
16940,"1016.63"
17197,"1013.01"
12432,"1011.86"
13815,"1006.84"
12754,"1003.58"
12446,"1002.31"
14544,"1002.15"
17082,"1001.92"
12444,"1001.09"
16698,"999.00"
12766,"998.52"
14101,"996.13"
15416,"996.08"
17679,"996.06"
15382,"992.62"
15531,"986.20"
17416,"984.77"
17444,"980.01"
13093,"979.06"
18194,"973.84"
16652,"967.71"
12550,"964.83"
17728,"958.67"
18192,"957.97"
17244,"954.90"
15251,"953.18"
12597,"952.81"
12668,"951.79"
14535,"951.61"
12762,"949.26"
17044,"948.48"
14934,"945.47"
12371,"943.98"
12714,"941.77"
12567,"940.13"
12472,"938.87"
12429,"937.60"
12356,"937.14"
16986,"936.60"
17389,"936.28"
14145,"935.55"
18133,"931.50"
13680,"929.78"
13225,"923.41"
13934,"922.10"
15576,"921.37"
12652,"919.98"
13075,"919.61"
14015,"917.34"
13421,"916.86"
17396,"916.35"
15321,"916.10"
16216,"914.93"
12669,"914.68"
13174,"914.27"
15808,"912.82"
13689,"910.00"
14031,"909.83"
14125,"906.88"
15482,"906.65"
15480,"905.50"
18079,"903.29"
15484,"897.60"
15066,"893.59"
12772,"892.47"
15255,"890.85"
17829,"889.24"
17139,"887.56"
12360,"887.35"
12370,"885.49"
12428,"884.05"
13851,"883.82"
15076,"880.85"
12424,"880.48"
14062,"872.07"
15782,"871.58"
17353,"870.00"
13979,"869.87"
17649,"868.49"
17317,"866.78"
15502,"865.41"
13339,"860.12"
13881,"857.98"
15485,"854.83"
16398,"852.90"
12713,"848.55"
14245,"846.72"
15228,"846.68"
12635,"844.59"
12847,"843.64"
16108,"842.50"
17602,"842.40"
17426,"839.54"
15245,"838.61"
14146,"838.20"
13344,"837.23"
15832,"836.79"
12967,"830.45"
15640,"827.74"
16494,"826.53"
18092,"824.39"
13893,"821.10"
12480,"820.41"
17686,"819.92"
12980,"819.43"
12749,"818.18"
14164,"815.88"
12377,"814.06"
17338,"811.69"
16276,"810.60"
12656,"810.23"
15791,"806.35"
14918,"805.08"
15980,"799.62"
14733,"798.83"
14844,"797.45"
13336,"795.12"
14442,"794.91"
13523,"792.98"
13722,"791.80"
16013,"790.01"
13814,"789.56"
15065,"789.53"
14557,"788.38"
12540,"788.25"
14930,"787.65"
13777,"787.19"
12473,"785.61"
16609,"784.78"
17593,"784.77"
12865,"784.11"
16054,"783.90"
14961,"782.74"
13659,"781.50"
13583,"781.03"
18259,"779.53"
13375,"778.65"
16505,"777.60"
12425,"777.20"
15513,"776.75"
13341,"775.85"
14565,"774.78"
16222,"773.55"
15075,"773.03"
13362,"772.69"
13869,"770.91"
12965,"769.81"
16480,"769.29"
13849,"768.97"
15125,"768.57"
13356,"768.24"
15093,"766.17"
14885,"765.32"
14567,"765.18"
12705,"763.14"
16244,"761.38"
17509,"760.46"
13791,"758.00"
16053,"755.98"
13370,"754.87"
18104,"754.64"
12484,"754.55"
15265,"753.06"
13001,"752.77"
16256,"752.43"
12637,"750.36"
14923,"749.10"
12502,"744.77"
15057,"744.75"
13354,"743.53"
12374,"742.93"
13753,"741.26"
12603,"739.20"
14756,"738.96"
12976,"738.60"
15727,"737.01"
13209,"736.45"
14952,"736.32"
12916,"736.24"
15074,"735.67"
12626,"735.61"
14875,"732.66"
14505,"732.43"
15903,"732.39"
14700,"731.70"
12882,"731.52"
16491,"731.50"
17406,"728.14"
16440,"728.13"
14055,"725.64"
13139,"723.56"
12475,"723.38"
15505,"722.19"
13735,"720.89"
18145,"715.39"
14911,"714.98"
14828,"713.25"
17761,"712.78"
13587,"712.40"
13324,"712.20"
12560,"711.34"
14329,"710.75"
14422,"710.61"
13517,"709.47"
13629,"708.40"
12453,"707.09"
14842,"706.17"
15444,"705.60"
12612,"704.04"
16705,"701.75"
14461,"701.02"
15478,"699.96"
17381,"699.16"
17133,"698.89"
14626,"697.82"
14121,"695.04"
17768,"693.97"
17311,"692.42"
13988,"691.33"
17735,"690.00"
13488,"689.87"
12886,"689.20"
13458,"689.04"
12658,"686.05"
12621,"684.48"
14222,"683.17"
12840,"681.69"
15673,"681.56"
12380,"681.20"
14001,"681.03"
12478,"680.99"
18082,"680.84"
13396,"680.50"
16422,"680.09"
15322,"679.68"
14051,"678.71"
16938,"677.92"
13285,"677.28"
16377,"676.20"
18055,"676.13"
13607,"675.51"
13325,"675.30"
13355,"674.70"
13464,"674.68"
12646,"673.49"
14154,"672.81"
15398,"672.77"
12638,"671.69"
15734,"669.73"
12613,"668.88"
12418,"668.58"
13015,"667.93"
18188,"667.01"
15311,"666.29"
15146,"663.58"
14603,"660.00"
12471,"659.62"
16083,"658.81"
13771,"658.61"
18204,"658.45"
14921,"658.04"
17675,"657.23"
15677,"657.23"
16708,"656.63"
16127,"656.25"
17004,"656.07"
13644,"656.07"
12516,"656.03"
14894,"655.75"
14725,"655.58"
14004,"654.66"
12836,"652.59"
15813,"651.96"
13798,"651.82"
16056,"650.75"
13895,"648.27"
12709,"647.10"
14418,"645.75"
15157,"645.36"
15299,"643.86"
17046,"642.02"
16717,"640.51"
12631,"640.50"
15494,"640.29"
14301,"640.14"
16308,"640.00"
12627,"639.79"
16692,"638.00"
16843,"637.29"
16327,"636.71"
13090,"636.49"
12394,"636.24"
15773,"635.68"
14000,"635.66"
12630,"635.44"
14250,"634.68"
13431,"634.55"
17700,"633.66"
13989,"633.04"
16655,"631.59"
17985,"631.35"
15497,"631.10"
12901,"630.52"
15874,"629.41"
14235,"628.97"
14687,"628.38"
17049,"628.34"
13518,"627.16"
12681,"626.71"
14036,"626.65"
13471,"625.46"
12689,"623.80"
15147,"623.50"
17499,"622.88"
17640,"621.66"
15159,"621.37"
17584,"621.15"
16141,"620.40"
12667,"620.13"
14257,"619.94"
13507,"619.79"
12985,"619.69"
12476,"619.67"
14305,"619.65"
13476,"619.24"
14893,"618.93"
13931,"618.77"
16613,"618.59"
17706,"617.91"
17428,"616.32"
17059,"616.08"
15998,"616.04"
18080,"615.75"
12347,"615.71"
14382,"615.49"
15275,"615.14"
17937,"614.46"
12950,"614.33"
16102,"614.05"
17015,"612.87"
16116,"612.78"
18022,"612.72"
18287,"612.43"
12513,"612.29"
15296,"612.14"
15645,"612.01"
16763,"611.85"
14163,"611.48"
15023,"610.95"
15795,"610.01"
13357,"609.40"
13381,"606.55"
13918,"606.42"
16653,"606.33"
16718,"606.05"
17722,"606.01"
16709,"605.97"
13089,"605.79"
16265,"605.22"
13520,"604.06"
16732,"603.75"
12707,"603.42"
12757,"602.67"
16022,"602.63"
17589,"601.04"
12420,"600.39"
13097,"600.32"
13562,"599.78"
12521,"599.68"
12670,"599.21"
18235,"598.83"
15720,"598.73"
15856,"597.91"
14675,"596.36"
17365,"595.92"
12462,"594.80"
12917,"594.00"
15442,"594.00"
16535,"593.75"
17203,"593.35"
15630,"593.18"
13384,"593.13"
13908,"592.39"
14503,"590.54"
13270,"590.00"
13448,"589.12"
14857,"586.56"
17160,"586.34"
13243,"585.12"
15222,"585.00"
16131,"584.42"
16072,"584.32"
12358,"584.03"
12906,"583.96"
12426,"582.73"
14261,"581.73"
15067,"581.59"
12546,"580.75"
15088,"580.04"
13451,"579.65"
15050,"579.23"
17142,"579.00"
12408,"577.71"
14367,"576.74"
15830,"576.00"
14251,"575.94"
14387,"575.87"
16360,"575.07"
16656,"575.05"
14005,"574.94"
13564,"574.89"
14400,"574.70"
15303,"574.02"
13115,"573.70"
13901,"573.44"
15704,"573.41"
17505,"572.92"
16766,"572.80"
12615,"572.80"
12867,"572.76"
15985,"571.21"
14554,"569.87"
12727,"568.67"
17242,"567.52"
13198,"566.87"
16278,"566.38"
16345,"565.46"
12683,"565.10"
16671,"564.09"
17152,"563.17"
14753,"563.15"
17970,"562.79"
17282,"561.82"
12524,"560.71"
15655,"560.67"
15549,"560.49"
13044,"560.47"
16081,"559.88"
16275,"559.87"
15415,"559.61"
12842,"559.50"
12866,"559.12"
14903,"559.07"
17788,"558.95"
13800,"558.32"
18242,"558.12"
12481,"557.98"
17183,"557.89"
13260,"557.62"
14739,"557.47"
12643,"557.44"
14895,"556.94"
15834,"556.29"
14817,"555.17"
12857,"553.20"
15797,"551.85"
15826,"551.44"
17291,"550.80"
12390,"549.84"
14841,"549.29"
16536,"548.12"
14474,"547.66"
16003,"547.07"
16211,"547.02"
17520,"546.81"
15764,"546.66"
16985,"546.41"
17723,"546.07"
17806,"546.04"
15394,"545.89"
18189,"545.12"
17677,"544.85"
15122,"544.59"
13435,"544.27"
17838,"544.16"
13390,"544.08"
15763,"543.46"
13278,"542.73"
12664,"542.43"
14759,"541.99"
12490,"541.79"
17567,"541.43"
13425,"541.40"
14292,"541.33"
12633,"541.00"
14937,"540.63"
13874,"540.45"
14194,"540.45"
13744,"540.26"
12562,"540.25"
13726,"539.83"
16379,"539.35"
15539,"538.46"
17272,"537.16"
15043,"537.00"
13467,"535.96"
16142,"535.34"
13761,"535.33"
13883,"534.90"
13385,"534.57"
16200,"534.44"
16340,"534.31"
15034,"534.27"
17443,"534.24"
16496,"533.17"
15825,"532.94"
17277,"532.68"
12815,"531.73"
17050,"530.94"
18159,"530.15"
16618,"529.52"
14360,"529.51"
17819,"529.27"
13455,"529.17"
15150,"529.13"
15379,"529.04"
16602,"528.08"
13658,"527.83"
15977,"527.37"
12479,"527.20"
17623,"527.05"
12520,"526.85"
12716,"526.75"
18173,"526.71"
17863,"526.67"
18093,"526.63"
17865,"526.32"
16889,"526.22"
13186,"525.30"
13721,"524.14"
15218,"523.35"
17712,"522.91"
12362,"522.62"
15111,"522.49"
13297,"522.46"
14389,"521.73"
13136,"521.52"
12863,"521.20"
12949,"520.90"
15149,"520.80"
13178,"520.50"
14038,"520.13"
14873,"519.68"
16320,"519.23"
16650,"518.42"
15620,"517.73"
16135,"517.55"
15491,"516.68"
13043,"516.42"
14390,"515.84"
14229,"515.73"
12717,"515.49"
13253,"515.20"
16369,"515.14"
14546,"514.79"
15249,"514.50"
16980,"514.23"
17716,"514.18"
17513,"513.20"
18272,"513.10"
17159,"512.96"
16160,"512.72"
14904,"512.72"
17805,"512.31"
17480,"511.82"
15891,"511.68"
16242,"511.41"
14346,"510.79"
13165,"510.74"
12759,"510.48"
13113,"510.25"
12572,"510.21"
18142,"509.76"
12436,"509.01"
15417,"508.80"
14317,"508.58"
17958,"508.46"
17415,"507.84"
15194,"507.77"
14158,"507.66"
16358,"506.88"
16767,"506.87"
12739,"506.52"
13764,"506.47"
16614,"506.19"
14195,"506.00"
12988,"505.82"
14267,"505.41"
16229,"505.30"
14014,"505.18"
12849,"505.14"
17625,"505.10"
13032,"505.09"
13953,"502.24"
12957,"502.19"
13969,"501.34"
13116,"501.14"
16525,"501.06"
16279,"500.93"
12545,"500.20"
14907,"500.16"
18143,"500.08"
15389,"500.00"
13810,"499.67"
15193,"499.32"
14307,"499.29"
15142,"498.74"
17053,"498.48"
17002,"497.91"
17088,"497.75"
12779,"497.67"
16820,"497.61"
14639,"497.42"
14547,"496.84"
15104,"496.77"
12913,"496.73"
17594,"496.59"
15300,"496.44"
12517,"496.32"
13363,"496.25"
13692,"496.11"
17337,"495.26"
15448,"494.64"
16497,"494.28"
17333,"494.25"
15498,"493.20"
16341,"492.97"
14270,"492.65"
12674,"492.65"
17131,"492.63"
13871,"492.56"
17144,"492.29"
13536,"492.06"
13732,"491.86"
16755,"491.81"
15974,"491.74"
14944,"491.69"
14246,"491.35"
12510,"491.28"
15071,"491.03"
15000,"490.52"
18074,"489.60"
13350,"489.56"
17590,"489.34"
15674,"489.32"
12809,"489.31"
14920,"488.89"
16839,"488.07"
15165,"487.75"
16643,"487.51"
16376,"487.48"
13338,"487.02"
13437,"486.87"
17669,"486.67"
15814,"486.33"
13153,"486.22"
12639,"486.10"
17100,"485.87"
13078,"485.69"
12583,"485.43"
13709,"485.20"
15109,"484.95"
14256,"484.53"
15601,"484.04"
14655,"483.06"
14138,"482.94"
14740,"482.74"
16779,"482.35"
18216,"481.75"
13461,"481.67"
13176,"481.49"
14130,"480.91"
15091,"480.71"
16633,"480.52"
15006,"480.38"
16812,"479.35"
13823,"478.83"
12644,"477.91"
13141,"477.75"
14629,"477.63"
15948,"477.62"
14285,"477.50"
12685,"477.18"
14530,"477.02"
15427,"476.85"
14493,"476.65"
16553,"476.65"
12447,"476.49"
15819,"476.36"
18176,"476.35"
15507,"475.86"
17061,"475.66"
14497,"475.37"
18226,"475.28"
12822,"474.44"
16571,"473.90"
14019,"473.87"
12458,"473.70"
14110,"473.60"
16556,"473.40"
14852,"472.78"
13261,"472.05"
15641,"471.80"
16012,"471.76"
14440,"471.54"
15721,"471.40"
16245,"471.22"
17173,"470.83"
13985,"470.68"
14431,"470.36"
17738,"469.76"
15367,"469.40"
14796,"469.15"
15557,"468.91"
16871,"468.72"
17083,"468.59"
14525,"468.43"
16584,"468.04"
13982,"467.95"
14140,"467.52"
13655,"466.49"
12782,"466.18"
16504,"465.88"
16201,"465.87"
15785,"465.79"
18202,"465.66"
16934,"465.52"
13767,"465.42"
16742,"464.90"
14364,"464.67"
15845,"463.97"
16586,"463.95"
14967,"463.80"
13414,"463.50"
12388,"463.44"
14489,"463.38"
18223,"463.18"
13516,"463.14"
12945,"462.95"
14290,"462.93"
15694,"462.81"
13805,"462.30"
15708,"462.18"
13308,"461.84"
18167,"461.62"
12989,"461.61"
15288,"461.30"
15654,"461.27"
13122,"461.20"
15051,"461.12"
13035,"460.94"
14081,"460.81"
16187,"460.76"
16713,"460.72"
12491,"460.40"
14113,"460.11"
17018,"460.05"
17621,"459.97"
14216,"459.83"
16550,"459.79"
12355,"459.40"
15443,"459.08"
17880,"458.92"
18225,"458.75"
16107,"457.74"
13398,"457.34"
12564,"456.90"
15364,"456.60"
17702,"456.09"
13192,"455.97"
13758,"455.79"
16169,"455.74"
14755,"455.48"
15585,"455.30"
16529,"455.25"
17828,"455.02"
13048,"454.85"
17230,"454.80"
15471,"454.48"
17787,"454.39"
17306,"454.28"
13485,"454.24"
17140,"454.12"
15475,"454.11"
17528,"453.56"
13408,"453.50"
13327,"453.47"
12729,"453.01"
14184,"452.89"
12591,"452.85"
16209,"452.52"
15615,"452.16"
16574,"451.44"
15802,"451.42"
13654,"451.22"
17809,"450.99"
17685,"450.83"
16079,"450.67"
16716,"450.60"
14415,"450.43"
13137,"450.41"
12940,"449.85"
14625,"449.82"
17040,"449.73"
16669,"449.63"
16735,"449.48"
13196,"449.45"
12448,"449.45"
17648,"449.38"
12348,"449.31"
15739,"449.12"
15044,"449.10"
16771,"448.52"
16523,"448.50"
13134,"448.40"
12921,"448.30"
14426,"448.17"
13510,"447.89"
17386,"447.74"
16317,"447.22"
15211,"447.21"
15368,"446.94"
14149,"446.62"
12620,"446.47"
14608,"446.29"
13685,"445.63"
14240,"445.17"
18006,"444.68"
15680,"444.56"
17932,"443.86"
17537,"443.84"
12645,"443.80"
18097,"443.73"
14638,"443.60"
17092,"443.51"
16404,"443.05"
18222,"443.00"
14226,"442.96"
15822,"442.73"
12721,"442.69"
17704,"442.60"
15722,"442.24"
16133,"442.09"
17095,"441.39"
15179,"441.39"
15290,"441.29"
17581,"441.01"
16218,"440.67"
14299,"440.62"
12579,"440.42"
16110,"440.32"
14022,"440.00"
18233,"440.00"
15524,"440.00"
13183,"439.75"
16025,"439.66"
12391,"439.66"
13359,"439.56"
13358,"439.03"
16033,"438.94"
12526,"438.89"
12854,"438.75"
15653,"438.72"
14770,"438.21"
14973,"438.15"
18260,"438.06"
16040,"437.85"
16628,"437.61"
18210,"436.90"
13294,"436.87"
15950,"436.18"
16084,"436.18"
15551,"436.06"
12909,"435.73"
13157,"435.30"
12507,"434.94"
17566,"434.88"
12694,"434.84"
17017,"434.71"
16905,"433.94"
14912,"433.92"
14093,"433.86"
17043,"433.79"
14597,"433.12"
12488,"432.89"
16464,"432.89"
16567,"432.80"
12372,"432.68"
12955,"432.47"
16236,"432.20"
16881,"432.00"
16456,"431.64"
15410,"431.36"
18094,"431.04"
13245,"430.50"
12795,"430.48"
12794,"430.21"
14856,"430.18"
15450,"429.84"
15553,"428.93"
13602,"428.89"
15957,"428.89"
17147,"428.65"
13566,"428.42"
17858,"428.39"
17802,"428.35"
16163,"428.30"
14441,"428.22"
12431,"428.00"
15360,"427.93"
12725,"427.80"
12403,"427.70"
12740,"427.60"
12802,"427.58"
12878,"427.49"
16121,"427.33"
14193,"426.70"
15930,"426.63"
14288,"426.60"
12379,"426.12"
16070,"426.07"
15981,"426.06"
17758,"426.03"
16951,"425.92"
15639,"425.32"
17091,"425.31"
14676,"424.71"
13632,"423.79"
16347,"423.73"
13221,"423.71"
16007,"423.45"
13492,"423.28"
17924,"423.21"
14691,"422.87"
16686,"422.84"
17525,"422.70"
18240,"422.58"
16745,"422.39"
17158,"422.32"
13162,"422.07"
13577,"421.90"
18106,"421.90"
17624,"421.74"
16842,"421.40"
13929,"421.33"
14159,"420.94"
15301,"420.83"
16560,"420.71"
16019,"420.69"
14862,"420.60"
15039,"420.57"
14757,"420.50"
15815,"420.12"
12610,"419.91"
15009,"419.81"
14669,"419.75"
14124,"419.58"
17400,"419.57"
16639,"419.17"
16875,"419.11"
13149,"419.01"
15361,"418.92"
13265,"418.53"
13848,"418.33"
16747,"418.03"
17701,"417.95"
17169,"417.89"
13615,"417.69"
16737,"417.60"
12833,"417.38"
13166,"417.20"
13319,"417.14"
16558,"416.92"
13889,"416.90"
16644,"416.89"
14112,"416.45"
14383,"415.90"
13029,"415.83"
14139,"415.82"
15803,"415.82"
12580,"415.70"
12530,"415.57"
14644,"415.38"
15332,"415.26"
16701,"415.25"
15725,"415.25"
14333,"415.20"
14045,"414.94"
16795,"414.88"
18231,"414.35"
15994,"414.27"
13974,"413.59"
14315,"413.52"
16834,"413.46"
12461,"413.44"
17588,"413.40"
12781,"413.37"
12928,"412.54"
17682,"412.39"
14837,"412.38"
14766,"412.23"
15622,"412.17"
13647,"412.03"
15523,"412.01"
16272,"411.70"
12518,"411.38"
12455,"411.14"
17667,"411.10"
12657,"410.80"
15632,"410.66"
16150,"410.60"
15099,"410.48"
15002,"410.44"
13975,"410.21"
14048,"409.93"
14232,"409.61"
14348,"409.57"
15225,"409.40"
13495,"408.97"
12412,"408.96"
15269,"408.80"
15465,"408.59"
15649,"408.00"
15939,"407.67"
17730,"407.58"
15376,"407.19"
18064,"407.00"
12474,"406.89"
16672,"406.75"
14421,"406.56"
15127,"406.53"
16947,"406.48"
16284,"406.34"
15342,"406.09"
17364,"405.70"
17652,"405.64"
12417,"405.46"
17101,"405.43"
12922,"405.38"
16624,"405.28"
13055,"404.80"
16409,"404.60"
12619,"404.58"
13949,"404.55"
16319,"404.40"
18263,"404.39"
16143,"404.16"
14336,"403.73"
16549,"403.49"
15089,"403.47"
17431,"403.30"
15221,"403.25"
13707,"403.21"
12434,"403.07"
16762,"402.41"
13593,"402.38"
18248,"402.01"
17940,"402.00"
18069,"401.85"
14388,"401.61"
13082,"401.51"
18230,"401.46"
15158,"401.40"
17596,"400.96"
18265,"400.76"
16198,"400.68"
14572,"400.65"
12792,"400.54"
16367,"400.33"
17320,"400.21"
15298,"399.99"
18164,"399.65"
12839,"399.39"
17052,"399.09"
12701,"398.86"
17739,"398.76"
16801,"398.56"
16191,"398.50"
16676,"398.03"
14970,"398.02"
13352,"397.98"
18178,"397.70"
17827,"397.47"
17213,"397.32"
12824,"397.12"
13594,"396.97"
17486,"396.87"
15993,"396.81"
13614,"396.37"
18067,"396.33"
12682,"396.12"
15990,"396.05"
15189,"395.74"
17769,"395.74"
12393,"395.65"
17603,"394.72"
13329,"394.50"
17651,"394.50"
14619,"394.44"
16207,"394.38"
15386,"394.14"
15544,"394.08"
15755,"394.04"
15264,"393.74"
16546,"393.58"
15345,"393.54"
17226,"393.49"
15861,"393.36"
14600,"393.33"
17058,"393.30"
13109,"393.27"
17671,"393.18"
16950,"392.85"
14506,"392.13"
15837,"391.98"
12885,"391.74"
12640,"391.53"
16917,"391.52"
14498,"391.46"
15306,"391.45"
14854,"391.43"
15532,"391.18"
17204,"391.14"
15493,"390.68"
12982,"390.54"
16700,"390.50"
17554,"390.49"
15239,"390.30"
18228,"389.95"
12735,"389.78"
17379,"389.72"
14752,"389.64"
13345,"389.50"
14815,"389.25"
12690,"389.01"
17414,"389.00"
13500,"388.92"
13563,"388.77"
15592,"388.58"
17438,"388.45"
14737,"388.18"
16825,"387.59"
14420,"387.52"
17508,"387.31"
15144,"387.08"
17744,"387.07"
12500,"387.07"
15719,"386.93"
14395,"386.66"
15664,"386.43"
17614,"386.32"
17764,"386.27"
14107,"386.18"
17409,"385.93"
13993,"385.15"
15353,"385.06"
14412,"385.01"
13611,"384.80"
12910,"384.38"
14978,"384.27"
16204,"384.18"
17205,"384.08"
16982,"384.06"
12733,"383.95"
15392,"383.88"
13833,"383.85"
12515,"383.70"
15625,"383.56"
14304,"383.45"
13320,"383.05"
12710,"383.01"
13107,"382.90"
14672,"382.78"
17695,"382.67"
17239,"382.50"
15701,"382.25"
17466,"381.64"
12747,"381.46"
14221,"381.42"
15090,"381.32"
15599,"380.87"
17138,"380.50"
13330,"380.31"
17936,"380.13"
13819,"380.12"
17425,"379.59"
15671,"379.59"
16036,"379.46"
17878,"379.45"
15358,"379.42"
17500,"379.33"
16909,"379.14"
13994,"379.02"
13317,"378.95"
14550,"378.69"
13372,"378.64"
14709,"378.54"
15489,"378.09"
18172,"378.08"
12598,"377.88"
15223,"377.88"
13282,"377.38"
13310,"377.34"
17655,"376.99"
12890,"376.72"
13936,"376.58"
13447,"376.38"
16714,"376.35"
13730,"376.30"
13030,"376.22"
13842,"376.18"
12937,"376.07"
16128,"376.04"
16858,"375.69"
12609,"375.62"
14708,"375.46"
15752,"375.23"
17463,"375.17"
14079,"375.10"
15521,"375.02"
16147,"375.00"
12908,"375.00"
17442,"374.76"
14432,"374.75"
17492,"374.57"
15530,"374.33"
13772,"374.21"
17469,"374.19"
13486,"374.14"
12873,"374.00"
13351,"373.94"
16859,"373.91"
16807,"373.86"
16570,"373.84"
15730,"373.63"
17387,"373.41"
14276,"373.25"
13576,"373.19"
14050,"373.18"
12726,"372.73"
12544,"372.70"
13236,"372.43"
13591,"372.38"
16670,"372.35"
16923,"372.06"
13300,"371.89"
15472,"371.56"
16776,"371.54"
14408,"371.29"
14950,"371.20"
16746,"371.12"
12465,"371.10"
15975,"371.01"
14758,"371.01"
12783,"370.99"
15063,"370.80"
13756,"370.68"
15252,"370.39"
12383,"370.11"
13013,"370.07"
17873,"369.79"
15811,"369.77"
13804,"369.77"
15922,"369.50"
16758,"369.34"
12553,"369.23"
14868,"369.20"
14888,"369.20"
15933,"369.15"
12381,"369.06"
14403,"368.95"
15045,"367.83"
15128,"367.75"
16316,"367.36"
16065,"367.14"
14665,"367.14"
14667,"367.00"
17047,"366.97"
18181,"366.85"
18245,"366.72"
13831,"366.41"
15983,"366.28"
17911,"366.23"
14971,"365.99"
14161,"365.87"
15514,"365.79"
14233,"365.68"
14778,"365.43"
14057,"365.39"
16202,"365.27"
13211,"365.14"
15152,"365.05"
13652,"365.03"
13736,"364.90"
16153,"364.85"
14886,"364.80"
12468,"364.77"
12373,"364.60"
15343,"364.50"
14528,"364.22"
13426,"364.13"
17666,"364.08"
12538,"363.95"
16722,"363.91"
18229,"363.85"
14171,"363.79"
16509,"363.70"
18056,"363.65"
16485,"363.65"
14932,"363.53"
16903,"363.20"
17001,"362.69"
16140,"362.59"
15636,"362.38"
16052,"362.06"
15025,"361.96"
15572,"361.92"
12856,"361.80"
13844,"361.62"
16769,"361.54"
17073,"361.52"
16305,"361.22"
13291,"361.11"
14800,"360.98"
15272,"360.97"
16533,"360.94"
17175,"360.92"
13481,"360.91"
14869,"360.72"
14191,"360.37"
14561,"360.25"
15529,"360.24"
15812,"360.23"
16595,"360.16"
16249,"360.01"
13298,"360.00"
17449,"359.89"
15197,"359.87"
17719,"359.74"
14407,"359.62"
15120,"358.82"
17948,"358.56"
16823,"358.38"
15274,"358.29"
16049,"358.27"
12535,"358.18"
17029,"358.00"
13228,"358.00"
13976,"357.98"
16503,"357.98"
13475,"357.95"
13131,"357.77"
14621,"357.67"
15330,"357.48"
13875,"357.36"
13159,"357.34"
15238,"357.33"
13521,"357.24"
15757,"357.21"
16971,"357.21"
17041,"357.16"
12616,"356.65"
13169,"356.44"
17571,"356.42"
16477,"356.35"
13416,"356.25"
13269,"356.22"
17642,"356.14"
15247,"356.00"
15436,"355.92"
17491,"355.89"
16463,"355.60"
14537,"355.56"
14443,"355.05"
15801,"354.65"
17856,"354.51"
14056,"354.47"
15594,"354.36"
16214,"354.25"
15951,"354.11"
16449,"353.85"
13210,"353.48"
17188,"353.46"
13343,"353.43"
16309,"353.29"
14804,"353.27"
18130,"353.13"
15237,"353.08"
14291,"353.02"
12617,"352.98"
16364,"352.90"
15678,"352.70"
17164,"352.48"
17419,"352.21"
17934,"352.13"
12823,"351.90"
16274,"351.75"
15103,"351.68"
12566,"351.65"
15870,"351.44"
15789,"351.30"
14640,"351.23"
13923,"351.13"
13332,"350.90"
14179,"350.78"
15547,"350.76"
13740,"350.75"
14649,"350.65"
14356,"350.61"
16416,"350.47"
15563,"350.11"
13108,"350.06"
15971,"349.99"
12662,"349.98"
15329,"349.90"
12532,"349.83"
13670,"349.70"
13887,"349.55"
13808,"349.53"
15839,"349.50"
18250,"349.27"
17423,"349.21"
15405,"349.10"
13927,"348.99"
16520,"348.86"
13790,"348.80"
15800,"348.45"
15700,"348.34"
16159,"348.20"
13052,"348.15"
15192,"348.11"
17930,"348.10"
15810,"348.00"
14009,"347.81"
15073,"347.80"
17457,"347.54"
14673,"347.28"
16539,"347.20"
12925,"347.02"
13062,"346.98"
12952,"346.95"
14643,"346.91"
13601,"346.66"
12410,"346.66"
13014,"346.63"
13870,"346.37"
14465,"346.15"
14515,"346.15"
16423,"346.12"
17733,"346.10"
13091,"345.82"
15570,"345.74"
14209,"345.57"
16389,"345.52"
16145,"345.41"
17123,"345.30"
16212,"345.17"
13774,"345.00"
18085,"344.98"
13023,"344.95"
14633,"344.90"
17975,"344.87"
13971,"344.78"
13799,"344.43"
17724,"344.33"
16978,"344.33"
16642,"344.17"
17569,"344.14"
17405,"343.80"
15047,"343.62"
16156,"343.56"
15520,"343.50"
15267,"343.47"
17033,"343.38"
12715,"343.36"
13050,"343.34"
18196,"343.31"
14409,"343.24"
16729,"343.11"
15095,"342.65"
14188,"342.39"
13813,"341.72"
16826,"341.70"
17086,"341.68"
12407,"341.62"
14897,"341.60"
16401,"341.53"
17612,"341.41"
13347,"341.36"
15240,"341.31"
15370,"340.86"
17397,"340.71"
13450,"340.62"
13418,"340.41"
15115,"340.11"
15270,"339.93"
13376,"339.92"
14808,"339.82"
13824,"339.79"
14788,"339.72"
13430,"339.72"
17813,"339.61"
13737,"339.60"
15046,"339.36"
16545,"339.30"
17434,"339.12"
13548,"339.08"
17697,"338.95"
15696,"338.89"
16183,"338.71"
15796,"338.58"
13388,"338.55"
13040,"338.50"
14859,"338.44"
15116,"338.19"
12712,"338.16"
15380,"338.05"
16493,"337.91"
15626,"337.90"
17462,"337.85"
18156,"337.82"
14732,"337.81"
12642,"337.75"
15652,"337.74"
12457,"337.60"
15942,"337.44"
14775,"337.30"
15900,"337.28"
17749,"337.26"
15411,"337.23"
14482,"337.14"
17973,"337.04"
16105,"336.96"
16572,"336.53"
16174,"336.52"
15619,"336.40"
15140,"336.32"
12463,"336.20"
17951,"336.18"
17646,"336.13"
12838,"335.98"
14628,"335.98"
18276,"335.86"
14631,"335.66"
14196,"335.52"
16063,"335.32"
14456,"335.25"
16045,"335.18"
14227,"335.10"
13867,"335.03"
17656,"334.94"
12489,"334.93"
14988,"334.54"
15466,"334.53"
12350,"334.40"
16186,"333.91"
16268,"333.83"
12594,"333.82"
13216,"333.74"
16625,"333.08"
17504,"333.00"
17754,"332.93"
17105,"332.89"
14902,"332.66"
15687,"332.57"
12912,"332.46"
16850,"332.41"
16803,"332.30"
16295,"332.14"
16208,"332.13"
13596,"332.06"
16177,"331.95"
16573,"331.81"
16030,"331.24"
17633,"331.21"
15210,"331.18"
17862,"330.90"
12519,"330.84"
13706,"330.79"
13028,"330.66"
15365,"330.62"
14223,"330.38"
13590,"330.32"
16711,"330.21"
15130,"330.11"
14514,"330.07"
14591,"330.05"
17422,"329.90"
12953,"329.85"
15492,"329.73"
13759,"329.71"
17866,"329.65"
13239,"329.56"
13750,"329.45"
17914,"329.36"
17154,"329.34"
14150,"329.32"
15153,"329.25"
15880,"329.03"
14012,"328.80"
17222,"328.65"
17459,"328.65"
17321,"328.58"
17243,"328.46"
15105,"328.42"
13049,"328.34"
16712,"328.30"
12364,"328.28"
14747,"328.20"
14206,"328.16"
16318,"328.15"
15314,"327.97"
13627,"327.69"
16255,"327.49"
15133,"327.47"
14477,"327.40"
16366,"327.30"
16120,"327.29"
14262,"327.28"
14870,"327.25"
12541,"327.06"
13246,"326.92"
14651,"326.87"
18170,"326.77"
17841,"326.77"
18151,"326.67"
13496,"326.67"
18121,"326.65"
15205,"326.62"
14548,"326.40"
17715,"326.40"
14297,"326.33"
16071,"326.24"
12684,"326.23"
12853,"326.18"
14132,"326.00"
15363,"326.00"
16830,"325.91"
14850,"325.75"
16370,"325.48"
13999,"325.15"
15944,"325.10"
15108,"325.06"
12790,"324.92"
13168,"324.90"
15449,"324.84"
16515,"324.83"
12994,"324.81"
15172,"324.81"
13801,"324.80"
14466,"324.63"
17613,"324.61"
15597,"324.57"
15606,"324.46"
13854,"324.38"
15506,"324.03"
16224,"323.83"
13047,"323.75"
18161,"323.74"
15804,"323.57"
12589,"323.34"
16057,"323.30"
15621,"323.26"
14060,"323.18"
15921,"323.03"
16739,"323.00"
16992,"322.86"
15805,"322.83"
14855,"322.82"
16627,"322.80"
15864,"322.72"
12719,"322.48"
12528,"322.25"
14424,"322.08"
14451,"321.95"
14484,"321.92"
16383,"321.88"
15793,"321.87"
17976,"321.79"
15136,"321.68"
18073,"321.65"
14020,"321.40"
13034,"321.39"
15384,"321.20"
15236,"321.05"
18218,"320.96"
14006,"320.73"
12365,"320.69"
16096,"320.62"
14622,"320.58"
12624,"320.57"
15156,"320.50"
13986,"320.46"
13417,"320.42"
13527,"320.34"
17350,"320.33"
15648,"319.75"
13266,"319.52"
12697,"319.20"
18198,"319.15"
14334,"319.03"
18160,"319.03"
14754,"319.02"
16967,"319.02"
15628,"318.92"
14128,"318.75"
17248,"318.65"
14481,"318.25"
14703,"318.17"
17839,"318.15"
14664,"318.12"
15829,"318.07"
12648,"318.05"
18066,"318.00"
17172,"317.76"
14210,"317.64"
14540,"317.55"
14916,"317.24"
14849,"317.22"
15199,"317.17"
15257,"317.15"
16660,"316.91"
15385,"316.88"
15243,"316.68"
16761,"316.62"
15204,"316.58"
17458,"316.50"
14719,"316.37"
13494,"316.26"
14220,"316.20"
16743,"316.16"
18183,"316.04"
13822,"316.00"
17314,"315.99"
15244,"315.79"
18117,"315.65"
12614,"315.60"
15747,"315.55"
15955,"315.45"
16688,"315.21"
17690,"315.12"
15766,"315.06"
13394,"315.00"
17388,"314.89"
17591,"314.81"
13046,"314.66"
17019,"314.52"
16193,"314.45"
12650,"314.44"
13525,"314.39"
16227,"314.22"
13004,"314.22"
16170,"314.17"
16283,"314.16"
15970,"314.10"
14075,"314.09"
17481,"313.90"
13484,"313.80"
16582,"313.62"
14729,"313.49"
15129,"313.40"
15402,"313.39"
15289,"313.26"
12352,"313.25"
13914,"313.23"
13845,"312.98"
14135,"312.69"
17725,"312.64"
15318,"312.62"
17085,"312.48"
17231,"312.47"
12834,"312.38"
18239,"312.32"
13642,"312.28"
15932,"311.98"
12785,"311.95"
16450,"311.92"
14142,"311.81"
15326,"311.71"
13368,"311.70"
14951,"311.69"
13552,"311.67"
14401,"311.65"
14327,"311.65"
16841,"311.64"
15258,"311.58"
12852,"311.55"
15182,"311.43"
13990,"311.30"
16781,"311.25"
15291,"311.22"
13897,"311.16"
15787,"311.09"
16394,"311.07"
13313,"311.06"
18217,"310.88"
14152,"310.65"
12483,"310.62"
13402,"310.62"
15185,"310.62"
15308,"310.47"
15117,"310.36"
17289,"310.34"
14189,"310.27"
14311,"310.26"
12647,"310.24"
17618,"310.09"
14924,"310.05"
17731,"310.03"
15699,"309.65"
16810,"309.54"
14339,"309.52"
13634,"309.47"
14847,"309.40"
13493,"309.31"
12596,"309.14"
12884,"309.05"
16134,"309.04"
15010,"308.94"
13397,"308.83"
16956,"308.74"
16979,"308.67"
12935,"308.67"
14475,"308.62"
13699,"308.58"
14231,"308.57"
14377,"308.53"
17510,"308.48"
17048,"308.45"
13369,"308.28"
16311,"308.13"
14905,"308.08"
13466,"307.90"
18109,"307.88"
15750,"307.88"
16966,"307.85"
15973,"307.82"
16123,"307.78"
13395,"307.72"
13060,"307.53"
17120,"307.46"
13932,"307.40"
16551,"307.37"
17519,"307.34"
18180,"307.29"
13142,"307.09"
15087,"306.94"
13148,"306.94"
14913,"306.86"
12997,"306.72"
13762,"306.72"
13924,"306.48"
15659,"306.45"
14321,"306.15"
17176,"306.13"
16511,"306.11"
13650,"306.06"
15232,"306.03"
15841,"306.02"
16109,"305.94"
13863,"305.78"
15219,"305.75"
14712,"305.69"
16796,"305.62"
16814,"305.56"
16181,"305.54"
13731,"305.30"
18220,"305.28"
13045,"305.28"
12673,"305.26"
12623,"305.10"
14636,"304.93"
15203,"304.63"
17941,"304.56"
16818,"304.51"
15078,"304.47"
13933,"304.40"
18185,"304.25"
17070,"304.24"
16066,"304.21"
13213,"304.12"
14359,"304.06"
17732,"303.97"
16400,"303.93"
17799,"303.92"
15527,"303.57"
17119,"303.46"
17774,"303.43"
16748,"303.18"
17433,"303.16"
13038,"302.82"
17507,"302.79"
16425,"302.70"
14248,"302.58"
13233,"302.56"
14323,"302.53"
18165,"302.46"
17664,"302.32"
16292,"302.25"
12944,"302.25"
17506,"302.20"
17094,"302.00"
16297,"301.90"
17653,"301.89"
16715,"301.72"
15667,"301.32"
15807,"301.30"
15148,"301.29"
15366,"301.26"
17069,"301.08"
15623,"301.03"
17978,"300.92"
16430,"300.85"
15738,"300.78"
14762,"300.52"
13668,"300.47"
13304,"300.42"
15254,"300.36"
17793,"300.34"
13158,"300.27"
13745,"300.04"
18053,"300.02"
12872,"299.99"
12556,"299.78"
15555,"299.68"
18215,"299.34"
13311,"299.29"
17191,"299.10"
13667,"299.05"
17720,"298.98"
17526,"298.97"
14108,"298.96"
17490,"298.90"
18179,"298.86"
18122,"298.84"
15145,"298.68"
15187,"298.57"
14645,"298.55"
15609,"298.48"
15381,"298.42"
17824,"298.40"
15865,"298.38"
14215,"298.29"
16104,"298.21"
17678,"298.11"
18246,"298.05"
14965,"298.05"
12881,"298.00"
13888,"297.83"
17658,"297.71"
14284,"297.63"
16788,"297.20"
15857,"297.00"
14696,"296.99"
16612,"296.92"
17531,"296.70"
14040,"296.69"
13441,"296.64"
15220,"296.49"
16395,"296.41"
13751,"296.25"
13504,"295.93"
16900,"295.70"
15573,"295.59"
18016,"295.53"
13276,"295.47"
16681,"295.06"
13452,"295.00"
12948,"294.99"
14030,"294.85"
14882,"294.85"
14954,"294.85"
15799,"294.71"
14963,"294.47"
13456,"294.45"
16838,"294.42"
17124,"294.24"
15907,"294.24"
14338,"294.11"
13662,"293.75"
13037,"293.69"
17890,"293.45"
12384,"292.64"
12704,"292.60"
17512,"292.50"
16721,"292.47"
16384,"292.25"
18257,"292.20"
14023,"292.04"
13557,"292.03"
15100,"292.00"
15762,"291.88"
13449,"291.88"
13309,"291.36"
16161,"291.25"
14092,"291.21"
13021,"290.71"
16648,"290.66"
17259,"290.62"
15279,"290.51"
16526,"290.36"
17551,"290.34"
16353,"290.25"
13630,"290.25"
14595,"290.10"
18095,"290.03"
17464,"289.96"
17201,"289.78"
17886,"289.76"
17211,"289.65"
13292,"289.47"
17540,"289.45"
16125,"289.35"
14549,"289.24"
16637,"288.62"
13268,"288.61"
16062,"288.40"
13846,"288.35"
16837,"288.27"
16723,"288.20"
15396,"288.18"
17977,"288.14"
16432,"287.40"
18123,"287.22"
15339,"287.04"
16221,"286.95"
13911,"286.77"
14834,"286.72"
16098,"286.52"
12816,"286.10"
13816,"285.84"
17696,"285.71"
14953,"285.67"
14035,"285.60"
17636,"285.56"
15858,"285.51"
15821,"285.48"
13708,"285.33"
15315,"285.25"
15681,"285.23"
17064,"285.15"
16037,"285.01"
16429,"284.55"
15106,"284.50"
13121,"283.73"
13439,"283.71"
13321,"283.68"
16020,"283.67"
16667,"283.59"
12703,"283.55"
13259,"283.18"
14748,"283.15"
17694,"283.12"
18096,"283.02"
18125,"282.94"
14350,"282.93"
15500,"282.89"
15581,"282.75"
13177,"282.45"
14099,"282.20"
17090,"282.09"
14824,"281.93"
14803,"281.85"
16933,"281.62"
16848,"281.42"
15596,"281.32"
16916,"281.20"
14659,"281.10"
16271,"280.93"
12559,"280.86"
15426,"280.81"
14701,"280.68"
17076,"280.36"
17247,"280.09"
14332,"280.07"
14975,"279.94"
15556,"279.77"
13769,"279.65"
17503,"279.48"
12987,"279.35"
17115,"279.17"
17585,"279.17"
13631,"279.13"
16350,"279.12"
14480,"279.05"
16554,"279.03"
13995,"278.74"
14533,"278.53"
14764,"278.30"
12679,"278.26"
14562,"278.15"
15984,"278.06"
14908,"277.80"
12775,"277.21"
14891,"277.19"
12399,"277.16"
13803,"277.07"
15898,"276.77"
15068,"276.68"
16833,"276.63"
16924,"276.63"
14116,"276.55"
13064,"276.40"
15351,"276.38"
13862,"276.17"
15114,"276.06"
12363,"276.00"
12750,"275.88"
17674,"275.52"
13588,"275.44"
15716,"275.28"
12427,"275.27"
14653,"275.24"
15569,"275.14"
12437,"275.08"
17235,"275.03"
17265,"275.01"
15164,"274.86"
17284,"274.58"
16164,"274.16"
16031,"273.95"
15745,"273.65"
16811,"273.54"
17637,"273.53"
15608,"273.42"
17759,"273.32"
12793,"272.74"
16092,"272.62"
16983,"272.27"
16943,"272.24"
17498,"272.22"
15399,"271.92"
14816,"271.85"
15356,"271.80"
16726,"271.75"
13811,"271.50"
12708,"271.29"
17054,"271.27"
17767,"271.20"
17496,"271.05"
16230,"271.02"
18108,"271.00"
17011,"270.90"
14341,"270.87"
15774,"270.80"
17447,"270.76"
14032,"270.51"
17980,"270.48"
16460,"270.41"
12743,"270.06"
12558,"269.96"
17071,"269.89"
17251,"269.83"
14352,"269.74"
16094,"269.56"
14499,"269.48"
14496,"269.41"
15469,"269.28"
15533,"269.19"
14539,"268.74"
14312,"268.60"
14727,"268.58"
13637,"268.10"
12422,"267.85"
12868,"267.84"
13102,"267.67"
12947,"267.33"
15408,"267.18"
15320,"267.13"
13434,"267.12"
15517,"267.03"
16451,"266.97"
14064,"266.87"
14863,"266.76"
15433,"266.65"
15027,"266.54"
12784,"266.41"
15119,"266.40"
17703,"266.25"
13280,"266.15"
13389,"265.99"
12936,"265.98"
14068,"265.85"
17673,"265.83"
14688,"265.67"
14423,"265.20"
15706,"265.14"
17968,"265.10"
14265,"265.09"
15831,"264.88"
14002,"264.87"
16185,"264.71"
13973,"264.70"
17611,"264.07"
17403,"263.92"
13016,"263.30"
16759,"263.26"
17644,"263.24"
12576,"263.17"
16455,"263.03"
14511,"262.96"
15919,"262.84"
13126,"262.46"
13212,"262.28"
17861,"262.23"
16413,"262.20"
12628,"262.15"
16728,"262.07"
17634,"262.07"
16936,"261.90"
15777,"261.78"
14047,"261.72"
15407,"261.69"
14293,"261.64"
17329,"261.56"
15806,"261.53"
18136,"261.44"
14309,"261.39"
18075,"261.18"
17797,"260.14"
13018,"259.92"
12600,"259.90"
12571,"259.81"
12584,"259.79"
17411,"259.65"
16626,"259.59"
15143,"259.45"
16175,"259.40"
13127,"259.17"
16678,"259.17"
15030,"259.14"
15281,"259.13"
18252,"259.13"
13742,"258.99"
14243,"258.88"
15260,"258.68"
18205,"258.68"
16474,"258.66"
13314,"258.65"
13199,"258.35"
15414,"258.30"
14584,"258.26"
14711,"258.15"
12724,"257.85"
13227,"257.70"
16790,"257.60"
17663,"257.56"
13626,"257.23"
16592,"257.11"
15246,"257.08"
13005,"256.85"
17290,"256.50"
13704,"256.45"
12430,"256.40"
13806,"256.38"
16727,"256.32"
17896,"256.32"
17385,"256.11"
16447,"255.91"
15277,"255.90"
15033,"255.72"
12582,"255.68"
14851,"255.68"
16561,"255.56"
17096,"255.53"
14881,"255.40"
15406,"255.36"
15261,"254.82"
17391,"254.40"
15154,"254.28"
12797,"254.03"
15867,"254.01"
13885,"253.40"
15473,"253.03"
16719,"252.89"
15019,"252.81"
15568,"252.76"
15035,"252.73"
12413,"252.70"
14446,"252.59"
14224,"252.43"
15346,"252.42"
13645,"252.10"
12991,"251.88"
17630,"251.80"
13429,"251.70"
12395,"251.55"
14931,"251.54"
16976,"251.52"
16863,"251.40"
13512,"251.21"
16024,"251.03"
17262,"250.67"
16616,"250.21"
17303,"250.04"
15510,"250.00"
17659,"249.96"
17146,"249.93"
17456,"249.86"
12722,"249.41"
17298,"249.21"
13860,"249.18"
15110,"249.03"
14211,"249.01"
16124,"249.00"
17495,"248.78"
13061,"248.61"
17034,"248.51"
16510,"248.10"
15097,"248.08"
12904,"248.03"
17374,"247.89"
16232,"247.72"
16730,"247.70"
13880,"247.67"
13725,"247.57"
18072,"247.44"
15854,"247.43"
18009,"247.39"
13349,"247.32"
15201,"247.31"
16352,"247.22"
12763,"247.04"
13900,"246.98"
15062,"246.97"
16710,"246.80"
14282,"246.76"
17324,"246.62"
15783,"246.30"
18171,"246.26"
17278,"246.04"
17451,"245.91"
14085,"245.63"
16188,"245.46"
14236,"245.43"
17997,"245.31"
17461,"245.27"
13599,"245.23"
15877,"245.16"
14416,"245.11"
12660,"245.10"
15215,"244.98"
14428,"244.81"
15118,"244.80"
15525,"244.79"
16146,"244.71"
16528,"244.41"
14534,"244.29"
17925,"244.08"
14745,"244.05"
14396,"243.99"
16099,"243.97"
13103,"243.94"
15227,"243.88"
16793,"243.84"
18193,"243.76"
16791,"243.68"
14522,"243.63"
13886,"243.56"
15634,"243.55"
14698,"243.45"
13675,"243.41"
17453,"243.36"
15287,"243.35"
16009,"243.03"
13155,"242.94"
17410,"242.94"
16996,"242.83"
17193,"242.76"
16601,"242.70"
13477,"242.43"
16999,"242.41"
16215,"242.35"
17920,"242.32"
16059,"242.19"
16518,"242.16"
14713,"242.02"
13531,"241.90"
14147,"241.70"
15776,"241.62"
14404,"241.55"
16603,"241.24"
14523,"241.09"
17521,"241.07"
12504,"241.02"
17051,"240.89"
13717,"240.83"
18144,"240.73"
15598,"240.68"
15286,"240.55"
14684,"240.30"
15518,"240.19"
18062,"240.17"
17555,"240.16"
16368,"239.96"
16023,"239.94"
15605,"239.65"
13118,"239.56"
13570,"239.49"
17684,"239.41"
16756,"239.40"
16607,"239.12"
16693,"238.93"
14320,"238.90"
12561,"238.85"
15835,"238.52"
16103,"238.27"
17228,"238.26"
12718,"238.25"
13882,"238.23"
13267,"237.97"
18035,"237.96"
14853,"237.90"
17877,"237.61"
15421,"237.59"
14586,"237.36"
13705,"237.29"
17179,"237.26"
14730,"237.20"
13249,"237.14"
15457,"237.07"
14867,"236.76"
17530,"236.71"
14127,"236.57"
16136,"236.46"
16173,"236.39"
12732,"236.26"
16026,"236.09"
14647,"236.04"
13187,"236.02"
16919,"235.66"
12820,"235.59"
14375,"235.56"
16042,"235.49"
13066,"235.40"
15963,"235.38"
14126,"235.38"
18008,"235.13"
16882,"235.04"
18077,"234.95"
17368,"234.86"
16015,"234.85"
17527,"234.84"
13534,"234.80"
17974,"234.66"
14896,"234.39"
17060,"234.24"
13755,"234.23"
16961,"234.17"
12736,"234.00"
16997,"234.00"
16393,"233.92"
14029,"233.83"
15468,"233.76"
13348,"233.76"
17734,"233.54"
13579,"233.52"
16583,"233.45"
12924,"233.43"
14741,"233.39"
16374,"233.37"
14205,"233.35"
16302,"233.22"
14532,"233.21"
13248,"232.84"
14447,"232.65"
13678,"232.60"
17552,"232.60"
17472,"232.51"
18213,"232.48"
12423,"232.41"
16912,"232.33"
16117,"232.21"
12963,"232.08"
17908,"232.03"
15349,"231.95"
13499,"231.82"
17418,"231.73"
16954,"231.68"
17111,"231.61"
17964,"231.60"
14472,"231.58"
14331,"231.33"
15053,"231.32"
17348,"231.32"
12720,"231.27"
15312,"231.21"
16641,"231.10"
16987,"230.97"
14776,"230.75"
17198,"230.74"
14470,"230.60"
16445,"230.51"
17125,"230.50"
13786,"230.40"
16824,"230.32"
16805,"230.30"
16926,"230.25"
14880,"230.20"
15181,"229.83"
12812,"229.64"
13008,"229.47"
15528,"229.33"
13506,"229.26"
15707,"229.24"
14793,"228.99"
17347,"228.96"
15092,"228.91"
13146,"228.91"
15121,"228.86"
13712,"228.84"
13070,"228.80"
14434,"228.80"
14141,"228.78"
12375,"228.75"
16945,"228.71"
17770,"228.65"
14178,"228.61"
17676,"228.53"
15587,"228.42"
16904,"228.36"
16527,"228.06"
16172,"228.04"
16466,"227.99"
14507,"227.98"
17220,"227.68"
15582,"227.64"
14335,"227.43"
17341,"227.43"
14569,"227.39"
17302,"227.13"
17212,"226.85"
13474,"226.84"
17629,"226.76"
18158,"226.70"
16872,"226.67"
18071,"226.50"
17860,"226.45"
16315,"226.37"
16619,"226.21"
16332,"226.11"
12672,"225.90"
17789,"225.90"
12402,"225.60"
14052,"225.36"
12942,"225.20"
16587,"225.15"
14357,"225.12"
17470,"225.01"
14543,"224.98"
17171,"224.91"
16293,"224.90"
13700,"224.86"
15005,"224.83"
13951,"224.82"
14129,"224.77"
16086,"224.28"
13258,"224.28"
15175,"224.14"
15906,"223.96"
16471,"223.95"
16753,"223.92"
15079,"223.90"
13784,"223.89"
14929,"223.88"
13926,"223.85"
14780,"223.84"
18177,"223.48"
16076,"223.47"
15637,"223.36"
17534,"223.36"
13382,"222.99"
13741,"222.81"
16361,"222.80"
13515,"222.78"
12919,"222.53"
17190,"222.37"
15969,"222.03"
14598,"221.97"
12676,"221.90"
14449,"221.45"
15643,"221.33"
14720,"221.27"
14102,"221.18"
17609,"221.16"
13419,"221.06"
14502,"220.89"
16482,"220.62"
18114,"220.10"
13954,"219.96"
16968,"219.72"
17966,"219.69"
16357,"219.63"
15241,"219.56"
13600,"219.52"
15096,"219.39"
14818,"219.27"
16225,"219.26"
12702,"219.00"
14272,"218.98"
12552,"218.91"
16157,"218.90"
12592,"218.80"
17238,"218.77"
15790,"218.75"
16513,"218.65"
16657,"218.61"
12574,"218.45"
16392,"217.89"
17398,"217.79"
13200,"217.52"
13203,"217.36"
15554,"217.20"
16326,"217.09"
13983,"216.95"
16931,"216.90"
13739,"216.90"
12493,"216.87"
13503,"216.85"
14715,"216.84"
16969,"216.80"
17068,"216.77"
17035,"216.77"
17779,"216.77"
14239,"216.44"
15604,"216.39"
18118,"216.35"
14034,"216.30"
13858,"216.17"
16495,"216.09"
18212,"216.07"
16434,"215.97"
17777,"215.85"
16179,"215.83"
12680,"215.70"
16014,"215.61"
16734,"215.59"
13715,"215.48"
15651,"215.43"
12452,"215.29"
16190,"215.08"
12831,"215.05"
14577,"214.93"
16884,"214.92"
12588,"214.90"
16338,"214.80"
15230,"214.80"
17312,"214.77"
16764,"214.69"
15712,"214.47"
16949,"214.38"
17619,"214.37"
16846,"214.32"
15460,"214.26"
17522,"214.14"
17545,"214.11"
15297,"213.98"
12693,"213.98"
14601,"213.96"
13621,"213.85"
14414,"213.85"
15976,"213.82"
17153,"213.78"
17560,"213.74"
14241,"213.70"
13318,"213.59"
13411,"213.55"
16591,"213.50"
15540,"213.30"
15022,"213.10"
16880,"213.06"
12843,"212.78"
13110,"212.67"
13263,"212.48"
14157,"212.45"
14657,"212.06"
18061,"211.94"
15866,"211.89"
16017,"211.88"
16899,"211.84"
16139,"211.80"
16119,"211.68"
16942,"211.67"
14898,"211.55"
15703,"211.50"
13271,"211.49"
12995,"211.32"
13473,"211.32"
16689,"211.30"
16780,"211.12"
17929,"210.75"
12826,"210.67"
14021,"210.63"
13539,"210.45"
16418,"210.37"
13532,"210.31"
17990,"210.28"
15889,"210.04"
13940,"209.79"
16011,"209.56"
13828,"209.49"
18034,"209.34"
12728,"209.08"
17855,"208.97"
17232,"208.88"
12577,"208.87"
18044,"208.86"
15327,"208.75"
17063,"208.73"
17514,"208.65"
13835,"208.64"
17392,"208.64"
17075,"208.53"
17223,"208.44"
15935,"208.43"
16457,"208.36"
13719,"208.34"
18221,"208.32"
16957,"208.32"
15434,"208.30"
15862,"208.22"
13085,"208.04"
15021,"207.97"
16407,"207.97"
12930,"207.90"
12649,"207.84"
18191,"207.80"
16431,"207.76"
15052,"207.73"
15214,"207.68"
16115,"207.61"
18001,"207.56"
16323,"207.50"
16752,"207.50"
17923,"207.50"
14998,"207.43"
13099,"207.36"
17042,"207.32"
15768,"207.28"
15953,"207.16"
15925,"207.15"
16239,"207.10"
13546,"207.03"
18219,"206.98"
15820,"206.98"
13681,"206.96"
17134,"206.60"
14620,"206.39"
14964,"206.21"
17293,"206.01"
13012,"205.86"
13065,"205.86"
14593,"205.72"
15186,"205.71"
17670,"205.70"
16682,"205.60"
17843,"205.48"
15307,"205.30"
15758,"205.25"
13513,"205.10"
17921,"205.06"
15695,"204.99"
14524,"204.87"
13220,"204.82"
15658,"204.82"
15987,"204.68"
16243,"204.55"
15319,"204.50"
16018,"204.45"
16629,"204.32"
17913,"204.32"
16869,"204.28"
17206,"204.24"
17931,"204.18"
18149,"204.03"
16399,"204.01"
13017,"204.00"
17187,"203.95"
17394,"203.87"
17891,"203.86"
13956,"203.85"
16621,"203.37"
16442,"203.10"
13208,"202.94"
17377,"202.92"
14381,"202.68"
18169,"202.65"
17705,"202.61"
17402,"202.60"
17288,"202.52"
15012,"202.52"
12933,"202.51"
16895,"202.27"
16348,"202.24"
15965,"202.22"
16484,"202.15"
14133,"201.88"
13428,"201.78"
12421,"201.76"
15347,"201.60"
15373,"201.33"
13295,"201.20"
16965,"201.19"
13284,"201.19"
13859,"201.16"
15184,"201.10"
12386,"200.95"
18126,"200.92"
14214,"200.88"
15644,"200.88"
13410,"200.61"
17693,"200.47"
13262,"200.29"
16415,"200.27"
15437,"200.16"
15561,"200.15"
13980,"200.14"
14782,"200.10"
13305,"200.09"
13720,"199.98"
13723,"199.85"
15593,"199.80"
13255,"199.76"
17905,"199.75"
17420,"199.61"
18154,"199.59"
13322,"199.48"
16298,"199.40"
16241,"199.25"
17811,"199.02"
15522,"198.99"
12508,"198.94"
15967,"198.84"
18110,"198.80"
15429,"198.68"
17926,"198.65"
17987,"198.57"
15883,"198.24"
16325,"198.08"
13959,"198.01"
16178,"197.90"
16354,"197.90"
17126,"197.89"
13167,"197.83"
12581,"197.71"
14185,"197.65"
14789,"197.64"
18237,"197.42"
14583,"197.39"
16829,"197.22"
15234,"197.00"
12586,"196.94"
13436,"196.89"
15746,"196.88"
13230,"196.83"
14670,"196.43"
16085,"196.30"
17180,"195.99"
15453,"195.97"
13752,"195.90"
17351,"195.72"
15132,"195.59"
15952,"195.48"
17006,"195.44"
17010,"195.36"
15679,"195.32"
14666,"195.25"
17218,"195.20"
18041,"195.11"
13026,"195.07"
18024,"194.89"
16250,"194.72"
15847,"194.64"
16359,"194.55"
17014,"194.48"
17475,"194.37"
13899,"194.26"
14487,"194.25"
15618,"194.21"
13427,"194.20"
14538,"194.13"
15743,"193.99"
15683,"193.75"
13673,"193.72"
17343,"193.64"
16043,"193.50"
16458,"193.49"
16847,"193.44"
17383,"193.39"
14806,"193.39"
17595,"193.35"
18168,"193.34"
14114,"193.26"
16184,"193.13"
14476,"193.00"
17867,"192.98"
14529,"192.87"
17954,"192.84"
13821,"192.82"
17837,"192.65"
12791,"192.60"
17711,"192.55"
13919,"192.41"
16887,"192.33"
17357,"192.19"
14100,"191.95"
15909,"191.94"
17189,"191.88"
13487,"191.80"
15424,"191.67"
13743,"191.66"
12832,"191.51"
13817,"191.49"
14087,"191.47"
14702,"191.28"
15058,"191.14"
12879,"191.07"
13657,"191.07"
15692,"191.04"
17250,"190.99"
17268,"190.91"
17233,"190.88"
13379,"190.85"
13405,"190.82"
15723,"190.70"
16441,"190.60"
13033,"190.55"
16806,"190.54"
15412,"190.53"
17616,"190.40"
12871,"190.32"
17999,"190.20"
17031,"190.18"
17750,"190.05"
14180,"189.94"
12361,"189.90"
16552,"189.87"
13656,"189.83"
13636,"189.82"
13589,"189.82"
13232,"189.76"
13748,"189.65"
14810,"189.58"
14735,"189.55"
13939,"189.52"
13826,"189.50"
13663,"189.47"
17360,"189.41"
16205,"189.41"
14801,"189.34"
17078,"189.10"
14830,"188.88"
16989,"188.88"
18150,"188.86"
16910,"188.62"
14794,"188.56"
14234,"188.53"
13890,"188.38"
17489,"188.32"
13894,"188.21"
16470,"188.19"
15344,"187.98"
15916,"187.86"
17279,"187.83"
14738,"187.78"
14448,"187.68"
17576,"187.62"
12414,"187.47"
14067,"187.35"
15235,"187.29"
13946,"187.19"
15656,"187.12"
14723,"187.06"
13568,"187.05"
17757,"186.45"
12895,"186.40"
16426,"186.38"
14790,"186.27"
13950,"186.26"
12981,"186.11"
15567,"186.01"
14592,"185.98"
12641,"185.90"
16907,"185.75"
17965,"185.66"
17574,"185.65"
14199,"185.40"
14662,"185.34"
17692,"185.23"
14825,"185.08"
16929,"185.06"
16097,"185.05"
17864,"184.95"
16385,"184.95"
13482,"184.64"
13069,"184.64"
16744,"184.56"
14618,"184.48"
17680,"184.40"
16433,"184.26"
13984,"184.10"
14326,"183.85"
16914,"183.76"
16680,"183.70"
14948,"183.66"
15253,"183.64"
14059,"183.60"
13059,"183.40"
16016,"183.19"
17979,"183.10"
13104,"183.08"
14966,"183.02"
16448,"182.99"
13538,"182.98"
16809,"182.94"
17432,"182.88"
16499,"182.73"
15949,"182.36"
17295,"182.33"
14082,"182.25"
14573,"182.20"
16261,"182.13"
14997,"182.07"
13077,"182.01"
17330,"181.95"
12915,"181.83"
14427,"181.67"
14541,"181.67"
14594,"181.66"
13617,"181.39"
16594,"181.09"
15886,"181.09"
17904,"181.07"
16927,"181.02"
15945,"181.00"
18119,"180.70"
17897,"180.60"
18280,"180.60"
17557,"180.49"
13710,"180.48"
14722,"180.42"
17358,"180.41"
15584,"180.22"
15511,"180.11"
12622,"180.10"
14462,"180.05"
13780,"180.01"
15041,"179.93"
17412,"179.72"
14071,"179.70"
13812,"179.67"
15895,"179.17"
15454,"179.10"
16990,"179.00"
14705,"179.00"
16804,"179.00"
15262,"178.95"
16233,"178.89"
17660,"178.75"
13778,"178.70"
18040,"178.60"
17879,"178.52"
13453,"178.49"
15292,"178.39"
15713,"178.35"
18045,"178.34"
16817,"178.31"
13000,"178.28"
17253,"178.26"
17356,"178.22"
13147,"178.20"
16918,"178.14"
12494,"178.01"
13217,"177.99"
16372,"177.87"
15660,"177.87"
16531,"177.80"
15840,"177.78"
17742,"177.56"
14690,"177.53"
16403,"177.50"
12951,"177.35"
13618,"177.34"
14623,"177.34"
12618,"177.31"
13072,"177.15"
16706,"177.12"
12888,"177.06"
13173,"176.82"
17947,"176.68"
12893,"176.55"
14463,"176.54"
17214,"176.52"
12509,"176.50"
18043,"176.43"
18112,"176.35"
15452,"176.16"
17631,"176.11"
18274,"175.92"
12883,"175.87"
14587,"175.59"
18116,"175.39"
14198,"175.35"
14419,"175.30"
17582,"175.27"
17331,"175.20"
16144,"175.20"
13238,"175.18"
17429,"174.97"
15467,"174.96"
17812,"174.95"
14078,"174.89"
17346,"174.86"
18010,"174.80"
16782,"174.46"
17252,"174.46"
14355,"174.40"
14829,"174.39"
14518,"174.37"
18017,"174.33"
13571,"174.08"
14379,"174.05"
13497,"174.03"
15208,"174.02"
18278,"173.90"
17668,"173.87"
14959,"173.86"
17884,"173.77"
16565,"173.70"
12441,"173.55"
15134,"173.50"
16235,"173.46"
13649,"173.30"
14111,"173.21"
13643,"173.15"
15670,"173.05"
14693,"172.90"
12923,"172.82"
12691,"172.63"
17796,"172.50"
17502,"172.28"
13690,"172.25"
13922,"172.25"
15996,"172.10"
12442,"172.06"
13068,"172.00"
14553,"171.85"
12875,"171.62"
12811,"171.62"
16773,"171.59"
17162,"171.55"
17245,"171.45"
13560,"171.42"
17795,"171.42"
15432,"171.19"
16365,"171.16"
16122,"171.11"
15669,"171.09"
14536,"170.95"
18065,"170.92"
17542,"170.75"
14491,"170.46"
14860,"170.32"
15335,"170.22"
18058,"170.16"
15016,"170.04"
12828,"169.79"
13925,"169.56"
14218,"169.48"
13728,"169.36"
13569,"169.31"
16960,"169.02"
15574,"168.91"
12367,"168.90"
17994,"168.72"
13838,"168.70"
13930,"168.67"
14578,"168.63"
18269,"168.60"
14504,"168.32"
18099,"168.31"
15888,"168.31"
16282,"168.30"
17384,"168.20"
15986,"168.12"
16638,"168.07"
18078,"168.06"
15374,"168.00"
12551,"168.00"
17367,"167.55"
17221,"167.24"
17372,"167.15"
14342,"167.14"
15918,"167.11"
16898,"167.01"
14264,"166.99"
13695,"166.94"
13184,"166.90"
13727,"166.74"
15508,"166.71"
13904,"166.32"
14681,"166.32"
16488,"166.27"
15271,"166.22"
14295,"166.20"
13963,"166.14"
17883,"166.08"
17650,"166.08"
12817,"166.04"
18088,"166.03"
14704,"166.00"
13240,"165.91"
16928,"165.57"
15018,"165.40"
16774,"165.38"
17315,"165.30"
14517,"165.23"
16813,"165.22"
17561,"165.12"
18042,"165.05"
15714,"165.02"
15316,"165.00"
15904,"164.68"
16696,"164.48"
17535,"164.40"
13603,"164.34"
16343,"164.29"
14552,"164.22"
16855,"164.20"
15213,"164.18"
17299,"164.15"
14878,"164.01"
14024,"163.85"
15579,"163.80"
16444,"163.67"
15024,"163.64"
16322,"163.37"
17110,"163.30"
15031,"163.30"
17301,"163.24"
14987,"163.20"
17523,"163.19"
12844,"162.98"
17135,"162.82"
14485,"162.80"
12920,"162.78"
17361,"162.73"
12523,"162.71"
16517,"162.70"
15571,"162.61"
15733,"162.30"
18014,"162.22"
16685,"162.12"
18261,"162.12"
15325,"161.74"
17373,"161.73"
17600,"161.67"
15458,"161.64"
14044,"161.61"
13955,"161.48"
16113,"161.38"
14958,"161.24"
12808,"161.22"
14450,"161.08"
15224,"161.04"
14237,"161.00"
13229,"160.95"
17950,"160.73"
13094,"160.61"
12573,"160.54"
18203,"160.42"
13138,"160.40"
17562,"160.34"
14714,"160.19"
12966,"160.18"
13598,"160.04"
16419,"159.79"
17515,"159.76"
16438,"159.67"
12841,"159.66"
16008,"159.59"
15589,"159.51"
17157,"159.50"
17229,"159.38"
16768,"159.36"
16213,"159.00"
18224,"158.95"
13937,"158.85"
15167,"158.80"
15101,"158.76"
14089,"158.75"
17165,"158.68"
17267,"158.60"
17850,"158.57"
15780,"158.43"
13892,"158.24"
15160,"158.16"
12748,"158.15"
14479,"158.13"
15872,"158.12"
15348,"158.04"
18004,"157.92"
14901,"157.92"
17556,"157.90"
14799,"157.70"
14013,"157.67"
17344,"157.62"
13323,"157.57"
16091,"157.53"
13884,"157.52"
17237,"157.35"
16038,"157.26"
14148,"157.20"
14744,"157.14"
17128,"157.09"
14585,"157.05"
17118,"157.02"
15007,"156.91"
15028,"156.78"
15988,"156.78"
14406,"156.75"
15438,"156.58"
17227,"156.55"
15263,"156.51"
16469,"156.36"
17885,"156.34"
15026,"156.33"
14555,"156.27"
13171,"156.14"
17362,"156.11"
13898,"155.93"
17871,"155.90"
16027,"155.77"
17854,"155.63"
17870,"155.49"
17832,"155.37"
12738,"155.35"
15447,"155.17"
13809,"155.05"
14368,"155.00"
14046,"154.99"
17698,"154.95"
15661,"154.90"
15740,"154.88"
14527,"154.68"
17604,"154.68"
13145,"154.63"
13610,"154.62"
12787,"154.55"
17899,"154.55"
13787,"154.52"
13301,"154.52"
15226,"154.41"
16406,"154.35"
13468,"154.19"
16921,"154.18"
17517,"153.94"
16351,"153.90"
13529,"153.88"
16775,"153.77"
14716,"153.76"
14915,"153.74"
15910,"153.61"
17334,"153.51"
13718,"153.28"
12602,"153.12"
16589,"153.08"
17714,"153.00"
17516,"152.98"
16720,"152.95"
16248,"152.94"
15754,"152.86"
17236,"152.69"
17984,"152.68"
18138,"152.65"
14066,"152.55"
15163,"152.24"
14039,"152.20"
13514,"152.20"
16217,"152.13"
16674,"152.12"
12999,"151.96"
14289,"151.88"
13083,"151.87"
14513,"151.86"
16617,"151.85"
14208,"151.74"
12464,"151.51"
13462,"151.50"
14362,"151.50"
13782,"151.48"
17849,"151.45"
16770,"151.42"
17286,"151.37"
17564,"151.34"
13697,"151.30"
16386,"151.29"
15054,"151.05"
16337,"151.05"
14073,"151.04"
14204,"150.61"
13479,"150.47"
16479,"150.42"
14609,"150.39"
18200,"150.35"
16654,"150.32"
15717,"150.30"
16932,"150.23"
16885,"150.14"
17234,"149.89"
17287,"149.87"
14710,"149.87"
17579,"149.63"
18262,"149.48"
15435,"149.29"
15646,"149.21"
14467,"149.07"
15059,"148.64"
13558,"148.63"
15737,"148.52"
16891,"148.49"
17007,"148.32"
18232,"148.24"
16203,"148.23"
14692,"147.89"
14968,"147.59"
12599,"147.51"
14098,"147.35"
12864,"147.12"
15732,"147.06"
18236,"147.04"
15624,"147.03"
17109,"146.88"
17030,"146.87"
14238,"146.85"
16402,"146.72"
17163,"146.55"
12829,"146.50"
13575,"146.41"
17027,"146.26"
14985,"146.01"
16893,"145.93"
12565,"145.92"
16034,"145.90"
17255,"145.74"
13866,"145.67"
13623,"145.55"
14656,"145.53"
12695,"145.52"
14947,"145.41"
15937,"145.35"
17691,"145.20"
13573,"145.12"
16598,"145.05"
16948,"145.01"
12723,"145.01"
14784,"145.00"
17524,"145.00"
16897,"144.89"
15456,"144.86"
12974,"144.80"
14460,"144.78"
14162,"144.68"
16005,"144.68"
15545,"144.48"
17081,"144.46"
15748,"144.36"
17501,"144.30"
14176,"144.23"
15602,"144.21"
16808,"144.21"
14109,"144.20"
12587,"144.00"
15550,"143.91"
17080,"143.81"
17760,"143.79"
17578,"143.46"
13760,"143.40"
12827,"143.38"
15400,"143.24"
15036,"143.19"
15705,"143.10"
16555,"142.95"
16461,"142.92"
14660,"142.87"
16287,"142.50"
13299,"142.50"
15855,"142.45"
13584,"142.40"
14386,"142.40"
18190,"142.23"
13991,"142.15"
16362,"142.00"
17859,"141.92"
13561,"141.86"
17783,"141.74"
18270,"141.57"
14041,"141.41"
13754,"141.30"
16877,"141.10"
15503,"141.04"
16557,"140.93"
13140,"140.82"
14167,"140.65"
15388,"140.54"
13483,"140.34"
17790,"140.31"
16168,"140.28"
14242,"140.28"
16149,"140.26"
14273,"139.99"
13509,"139.96"
16906,"139.90"
17894,"139.87"
14494,"139.56"
17371,"139.47"
12593,"139.37"
16483,"139.35"
17718,"139.35"
17955,"139.32"
14772,"139.26"
18209,"139.10"
15135,"139.05"
13273,"138.98"
12902,"138.68"
14581,"138.60"
15355,"138.53"
17122,"138.32"
13272,"138.28"
13716,"138.28"
15663,"138.14"
13544,"138.03"
17483,"138.01"
16050,"137.90"
13279,"137.75"
14512,"137.64"
14397,"137.52"
17709,"137.45"
15836,"137.37"
14177,"137.37"
14483,"137.10"
16313,"137.08"
12778,"137.04"
15691,"136.80"
14247,"136.77"
13827,"136.60"
14805,"136.60"
12990,"136.50"
18135,"136.38"
16883,"136.24"
16324,"136.20"
16475,"136.08"
14819,"136.04"
13524,"136.04"
13917,"136.02"
16412,"135.99"
12968,"135.95"
15042,"135.93"
14889,"135.90"
15419,"135.86"
15174,"135.75"
16114,"135.75"
17254,"135.60"
16600,"135.59"
16665,"135.40"
14616,"135.36"
14520,"135.30"
17972,"135.19"
13364,"134.96"
16055,"134.80"
14340,"134.70"
12498,"134.57"
15562,"134.55"
14174,"134.46"
18036,"134.37"
16206,"134.27"
12837,"134.10"
14280,"134.04"
14508,"134.02"
16424,"133.56"
14349,"133.50"
17786,"133.42"
12445,"133.40"
17375,"133.37"
17881,"133.35"
17062,"133.33"
13837,"133.30"
15709,"133.25"
12962,"133.20"
17647,"133.06"
17830,"132.90"
17430,"132.88"
15912,"132.31"
15756,"132.00"
17785,"131.94"
17800,"131.91"
14438,"131.90"
12851,"131.81"
17455,"131.70"
17708,"131.66"
12492,"131.61"
14795,"131.45"
17194,"131.31"
13549,"131.17"
15827,"131.15"
16010,"130.80"
15844,"130.74"
13189,"130.34"
14053,"130.13"
12971,"130.12"
17345,"129.92"
13873,"129.87"
14606,"129.85"
16679,"129.75"
16955,"129.67"
14452,"129.52"
17323,"129.50"
13856,"129.50"
16611,"129.49"
16623,"129.45"
17454,"129.38"
17817,"129.23"
15894,"129.13"
15882,"129.09"
12569,"128.90"
15014,"128.84"
14779,"128.72"
15276,"128.63"
16048,"128.22"
17297,"128.18"
12877,"127.98"
14761,"127.95"
15440,"127.89"
15543,"127.86"
17359,"127.86"
18283,"127.85"
13781,"127.84"
15578,"127.10"
12604,"127.09"
15923,"127.08"
15689,"127.05"
14883,"126.93"
17573,"126.87"
14820,"126.82"
14962,"126.70"
14731,"126.67"
15885,"126.45"
16930,"126.30"
13404,"126.24"
15463,"126.14"
16988,"126.12"
13711,"126.03"
16836,"125.94"
12814,"125.92"
17155,"125.85"
17736,"125.81"
13522,"125.80"
14861,"125.79"
15535,"125.73"
14890,"125.65"
14501,"125.61"
15017,"125.58"
13865,"125.39"
14871,"125.32"
13247,"125.28"
12531,"125.22"
13207,"125.13"
16596,"125.08"
17148,"124.88"
16750,"124.79"
16849,"124.57"
16569,"124.20"
18155,"123.87"
14658,"123.57"
16658,"123.24"
16266,"123.13"
13117,"123.11"
15917,"123.10"
16778,"122.97"
16566,"122.93"
17771,"122.90"
13519,"122.75"
13876,"122.70"
13638,"122.64"
17765,"122.54"
15611,"122.42"
16073,"122.40"
14410,"122.25"
18241,"121.95"
13244,"121.74"
17339,"121.68"
13491,"121.58"
13182,"121.18"
15049,"121.17"
14413,"121.05"
16378,"120.98"
13002,"120.95"
15860,"120.65"
16427,"120.53"
14165,"120.44"
12654,"120.40"
13565,"120.11"
18015,"120.03"
18211,"120.01"
14314,"120.00"
17256,"120.00"
14259,"120.00"
17181,"119.96"
14453,"119.93"
15690,"119.88"
16794,"119.65"
16542,"119.62"
15266,"119.30"
17097,"119.30"
17025,"119.26"
16666,"118.98"
15843,"118.95"
14500,"118.95"
17079,"118.80"
14155,"118.75"
14076,"118.67"
13581,"118.00"
14217,"117.94"
12929,"117.85"
17654,"117.55"
15850,"117.44"
16959,"117.35"
13877,"117.24"
15901,"117.24"
14473,"117.17"
15334,"116.94"
12527,"116.24"
17117,"116.20"
13928,"116.14"
17601,"116.01"
14995,"115.99"
15393,"115.93"
14143,"115.80"
18127,"115.69"
15350,"115.65"
13067,"115.46"
12601,"115.41"
18030,"115.33"
18027,"115.31"
15781,"115.15"
13960,"115.11"
14972,"114.77"
13188,"114.60"
14632,"114.56"
16247,"114.56"
18081,"114.48"
15038,"114.29"
17219,"114.23"
14652,"114.18"
16851,"114.15"
12938,"114.14"
14582,"114.11"
17969,"114.10"
17835,"114.08"
12651,"114.00"
17874,"113.91"
14457,"113.64"
17217,"113.50"
15445,"113.50"
18105,"113.48"
16913,"113.44"
18005,"113.24"
17045,"113.15"
15280,"113.12"
14976,"112.98"
14624,"112.93"
14689,"112.80"
16690,"112.79"
16697,"112.75"
13161,"112.75"
14173,"112.71"
13807,"112.60"
18129,"112.55"
15610,"112.46"
17038,"112.40"
13489,"112.38"
14271,"112.32"
17967,"112.27"
13193,"112.08"
12756,"112.08"
17917,"111.68"
17957,"111.68"
17370,"111.54"
14083,"111.43"
17887,"111.35"
16777,"111.31"
14344,"111.24"
18101,"111.20"
18120,"111.15"
13508,"110.97"
13144,"110.95"
15537,"110.92"
15853,"110.80"
14960,"110.63"
16963,"110.55"
14641,"110.46"
12734,"110.40"
18277,"110.38"
17901,"110.38"
12891,"110.33"
16478,"110.33"
17746,"110.25"
17836,"110.21"
16593,"110.01"
17615,"109.87"
16363,"109.36"
13669,"109.28"
15724,"109.13"
14699,"109.13"
14570,"109.03"
14345,"108.98"
16634,"108.95"
13170,"108.81"
14910,"108.59"
16080,"108.58"
17639,"108.50"
16106,"108.38"
16725,"108.32"
12897,"108.25"
13226,"108.21"
17436,"108.15"
14104,"108.10"
12956,"108.07"
14661,"107.95"
15675,"107.90"
17274,"107.82"
16189,"107.74"
16784,"107.60"
16519,"107.54"
15395,"107.45"
17893,"107.21"
14823,"107.14"
16647,"107.03"
16757,"106.83"
14201,"106.78"
15168,"106.56"
17928,"106.27"
15070,"106.20"
17791,"106.10"
16411,"105.85"
16581,"105.84"
16306,"105.38"
16473,"105.37"
15206,"105.07"
15775,"104.90"
14027,"104.82"
15607,"104.76"
15958,"104.35"
15897,"104.30"
16816,"104.27"
18174,"104.00"
12547,"103.90"
17460,"103.74"
12993,"103.69"
16892,"103.64"
16915,"103.61"
18255,"103.30"
17548,"103.30"
14542,"103.25"
17166,"103.17"
15809,"103.15"
18011,"102.79"
17962,"102.41"
18059,"102.15"
14981,"102.12"
13948,"102.00"
15212,"101.80"
14560,"101.72"
16516,"101.70"
18068,"101.70"
17376,"101.60"
17643,"101.55"
16006,"101.40"
12970,"101.37"
18086,"101.34"
14984,"101.19"
13101,"101.19"
16344,"101.10"
15081,"100.96"
14946,"100.90"
17427,"100.80"
17889,"100.69"
14371,"100.50"
15881,"100.28"
17114,"100.14"
17848,"100.13"
14077,"99.88"
13703,"99.50"
17939,"99.14"
12450,"98.94"
17266,"98.86"
15256,"98.45"
17538,"98.42"
13978,"98.40"
17349,"98.25"
13792,"97.78"
15612,"97.58"
12984,"97.50"
13502,"97.33"
15198,"96.82"
17325,"96.80"
15216,"96.60"
12522,"96.36"
14768,"96.30"
14642,"96.12"
17608,"95.99"
13092,"95.57"
17895,"95.45"
18249,"95.34"
15048,"95.25"
12548,"95.20"
13972,"95.12"
16387,"94.36"
14697,"94.30"
16339,"94.05"
17781,"94.01"
15397,"94.00"
18033,"93.82"
15428,"93.78"
18227,"93.75"
18013,"93.65"
13672,"93.20"
14551,"93.12"
12821,"92.72"
14054,"92.46"
13606,"92.25"
15124,"92.10"
12789,"91.85"
13160,"91.80"
13551,"91.80"
13460,"91.72"
12659,"91.68"
15488,"91.32"
13947,"90.60"
14353,"90.60"
18084,"90.48"
13058,"90.47"
16835,"90.43"
13242,"90.13"
15552,"90.12"
16597,"90.04"
14117,"90.00"
14219,"89.94"
14974,"89.94"
13533,"89.70"
18147,"89.67"
17888,"89.50"
16620,"89.48"
15139,"89.48"
14760,"89.20"
12686,"89.14"
14436,"89.06"
17550,"89.05"
18282,"89.03"
12353,"89.00"
12845,"88.52"
15083,"88.20"
15180,"87.50"
13296,"87.40"
16861,"86.88"
15304,"86.80"
17772,"86.73"
15565,"86.58"
15577,"86.29"
18048,"86.15"
17869,"85.64"
15541,"85.13"
16226,"85.04"
13841,"85.00"
15729,"85.00"
13962,"84.78"
14765,"84.70"
15759,"84.35"
12401,"84.30"
17737,"84.12"
16330,"83.97"
16952,"83.81"
16405,"83.63"
17309,"82.75"
13470,"82.50"
14354,"81.81"
13223,"81.60"
13006,"81.57"
17620,"81.44"
17892,"81.37"
15938,"80.92"
18281,"80.82"
16789,"80.80"
13967,"80.70"
17752,"80.64"
16342,"80.60"
15852,"80.36"
18146,"80.18"
13420,"79.93"
13747,"79.60"
16078,"79.20"
15753,"79.20"
15462,"78.20"
17942,"77.50"
17026,"77.41"
13132,"77.30"
13992,"76.80"
14373,"76.55"
13106,"76.50"
17536,"76.50"
14813,"76.44"
15668,"76.32"
14090,"76.32"
16148,"76.32"
18113,"76.32"
17707,"76.20"
17995,"76.10"
17898,"76.03"
17628,"75.75"
16610,"75.66"
13403,"75.00"
16468,"74.90"
15869,"74.82"
17946,"74.79"
16321,"74.73"
17549,"74.43"
13095,"74.40"
18050,"74.40"
15526,"74.22"
17960,"73.78"
16998,"73.75"
14037,"73.60"
15060,"73.56"
12506,"73.50"
18032,"73.50"
16171,"73.20"
17906,"72.90"
17935,"72.89"
16852,"72.46"
17186,"72.00"
13686,"72.00"
17580,"71.91"
13938,"71.66"
13185,"71.40"
17747,"71.40"
17022,"71.00"
16356,"70.59"
16866,"69.25"
17468,"68.50"
18273,"68.00"
14393,"67.95"
14385,"67.37"
16500,"66.81"
16832,"66.38"
12512,"66.09"
17382,"65.40"
13684,"65.13"
13277,"64.60"
16828,"64.25"
13130,"64.00"
13302,"63.75"
17263,"63.44"
16414,"63.13"
12665,"63.00"
14437,"63.00"
14840,"62.85"
13218,"62.64"
17440,"62.14"
17912,"62.01"
13592,"61.99"
14495,"61.90"
18018,"61.07"
13194,"60.70"
15512,"60.50"
17446,"60.45"
17174,"59.90"
13391,"59.80"
13682,"59.50"
14287,"58.88"
14957,"58.49"
13080,"58.08"
14798,"57.91"
17852,"57.17"
17572,"56.69"
17775,"56.40"
15483,"56.32"
15899,"56.25"
13366,"56.16"
17900,"56.10"
16792,"55.19"
13133,"54.90"
16349,"53.50"
15107,"53.25"
15504,"52.83"
13832,"52.20"
15313,"52.00"
17844,"51.56"
16668,"51.12"
14351,"51.00"
13011,"50.55"
16498,"50.49"
18184,"49.80"
13003,"49.68"
16112,"48.93"
15422,"48.85"
14821,"48.80"
15603,"48.48"
13651,"47.10"
16257,"46.95"
13283,"46.83"
17991,"46.68"
14080,"45.60"
16462,"45.33"
16506,"45.15"
13079,"44.02"
15423,"43.50"
14300,"43.20"
15992,"41.99"
15920,"41.88"
15178,"40.50"
14589,"39.75"
12977,"39.24"
16659,"39.12"
14785,"38.70"
18019,"38.45"
12855,"38.10"
16162,"37.40"
15940,"35.80"
17831,"35.40"
14576,"35.40"
16856,"35.40"
15744,"34.80"
15863,"34.42"
14836,"34.15"
16765,"34.00"
17961,"33.24"
17408,"32.65"
17024,"31.95"
13120,"30.60"
15657,"30.00"
17988,"28.73"
13666,"28.22"
14865,"26.10"
14682,"26.00"
17102,"25.50"
18268,"25.50"
15516,"20.81"
17986,"20.80"
16953,"20.80"
16093,"17.00"
17763,"15.00"
13307,"15.00"
15823,"15.00"
16878,"13.30"
17956,"12.75"
18037,"11.67"
17816,"9.14"
14792,"6.20"
16738,"3.75"
16454,"3.45"
